timestamp,elapsed_s,pid,start_ticks,ppid,pgid,state,threads,rss_kib,vms_kib,cpu_percent,mem_percent,cpu_ticks,wchan
2026-09-18T09:06:43.162+00:00,0.003,2440962,21750360,2440942,2440962,D,1,1920,2900,,0.01207,2,0
2026-09-18T09:06:43.664+00:00,0.505,2440962,21750360,2440942,2440962,S,1,2048,2904,7.97,0.01288,6,do_wait
2026-09-18T09:06:43.664+00:00,0.505,2440969,21750377,2440962,2440962,S,1,17904,24116,,0.11259,3,do_select
2026-09-18T09:06:44.166+00:00,1.007,2440962,21750360,2440942,2440962,S,1,2048,2904,0.00,0.01288,6,do_wait
2026-09-18T09:06:44.166+00:00,1.007,2440969,21750377,2440962,2440962,S,1,17904,24116,0.00,0.11259,3,do_select
2026-09-18T09:06:44.668+00:00,1.509,2440962,21750360,2440942,2440962,S,1,2048,2904,0.00,0.01288,6,do_wait
2026-09-18T09:06:44.669+00:00,1.509,2440969,21750377,2440962,2440962,S,1,17904,24116,0.00,0.11259,3,do_select
2026-09-18T09:06:45.172+00:00,2.013,2440962,21750360,2440942,2440962,S,1,2048,2904,0.00,0.01288,6,do_wait
2026-09-18T09:06:45.172+00:00,2.013,2440969,21750377,2440962,2440962,S,1,17904,24116,0.00,0.11259,3,do_select
2026-09-18T09:06:45.675+00:00,2.515,2440962,21750360,2440942,2440962,S,1,2048,2904,0.00,0.01288,6,do_wait
2026-09-18T09:06:45.676+00:00,2.515,2440969,21750377,2440962,2440962,S,1,43504,49720,3.98,0.27358,5,do_select
2026-09-18T09:06:46.178+00:00,3.019,2440962,21750360,2440942,2440962,S,1,2048,2904,0.00,0.01288,6,do_wait
2026-09-18T09:06:46.178+00:00,3.019,2440969,21750377,2440962,2440962,S,1,43504,49720,0.00,0.27358,5,do_select
2026-09-18T09:06:46.680+00:00,3.521,2440962,21750360,2440942,2440962,S,1,2048,2904,0.00,0.01288,6,do_wait
2026-09-18T09:06:46.681+00:00,3.521,2440969,21750377,2440962,2440962,S,1,43504,49720,0.00,0.27358,5,do_select
2026-09-18T09:06:47.183+00:00,4.024,2440962,21750360,2440942,2440962,S,1,2048,2904,0.00,0.01288,6,do_wait
2026-09-18T09:06:47.183+00:00,4.024,2440969,21750377,2440962,2440962,S,1,43504,49720,0.00,0.27358,5,do_select
2026-09-18T09:06:47.685+00:00,4.527,2440962,21750360,2440942,2440962,S,1,2048,2904,0.00,0.01288,6,do_wait
2026-09-18T09:06:47.686+00:00,4.527,2440969,21750377,2440962,2440962,S,1,43504,49720,0.00,0.27358,5,do_select
2026-09-18T09:06:48.188+00:00,5.029,2440962,21750360,2440942,2440962,S,1,2048,2904,0.00,0.01288,6,do_wait
2026-09-18T09:06:48.188+00:00,5.029,2440969,21750377,2440962,2440962,S,1,43504,49720,0.00,0.27358,5,do_select
2026-09-18T09:06:48.690+00:00,5.531,2440962,21750360,2440942,2440962,S,1,2048,2904,0.00,0.01288,6,do_wait
2026-09-18T09:06:48.690+00:00,5.531,2440969,21750377,2440962,2440962,S,1,69104,75324,1.99,0.43456,6,do_select
2026-09-18T09:06:49.193+00:00,6.033,2440962,21750360,2440942,2440962,S,1,2048,2904,0.00,0.01288,6,do_wait
2026-09-18T09:06:49.194+00:00,6.033,2440969,21750377,2440962,2440962,S,1,69104,75324,0.00,0.43456,6,do_select
2026-09-18T09:06:49.697+00:00,6.537,2440962,21750360,2440942,2440962,S,1,2048,2904,0.00,0.01288,6,do_wait
2026-09-18T09:06:49.697+00:00,6.537,2440969,21750377,2440962,2440962,S,1,69104,75324,0.00,0.43456,6,do_select
2026-09-18T09:06:50.199+00:00,7.040,2440962,21750360,2440942,2440962,S,1,2048,2904,0.00,0.01288,6,do_wait
2026-09-18T09:06:50.200+00:00,7.040,2440969,21750377,2440962,2440962,S,1,69104,75324,0.00,0.43456,6,do_select
2026-09-18T09:06:50.703+00:00,7.543,2440962,21750360,2440942,2440962,S,1,2048,2904,0.00,0.01288,6,do_wait
2026-09-18T09:06:50.703+00:00,7.543,2440969,21750377,2440962,2440962,S,1,69104,75324,0.00,0.43456,6,do_select
2026-09-18T09:06:51.206+00:00,8.046,2440962,21750360,2440942,2440962,S,1,2048,2904,0.00,0.01288,6,do_wait
2026-09-18T09:06:51.206+00:00,8.046,2440969,21750377,2440962,2440962,S,1,69104,75324,0.00,0.43456,6,do_select
2026-09-18T09:06:51.709+00:00,8.549,2440962,21750360,2440942,2440962,S,1,2048,2904,0.00,0.01288,6,do_wait
2026-09-18T09:06:51.709+00:00,8.549,2440969,21750377,2440962,2440962,S,1,94704,100928,3.98,0.59555,8,do_select
2026-09-18T09:06:52.211+00:00,9.052,2440962,21750360,2440942,2440962,S,1,2048,2904,0.00,0.01288,6,do_wait
2026-09-18T09:06:52.212+00:00,9.052,2440969,21750377,2440962,2440962,S,1,94704,100928,0.00,0.59555,8,do_select
2026-09-18T09:06:52.714+00:00,9.555,2440962,21750360,2440942,2440962,S,1,2048,2904,0.00,0.01288,6,do_wait
2026-09-18T09:06:52.714+00:00,9.555,2440969,21750377,2440962,2440962,S,1,94704,100928,0.00,0.59555,8,do_select
2026-09-18T09:06:53.218+00:00,10.057,2440962,21750360,2440942,2440962,S,1,2048,2904,0.00,0.01288,6,do_wait
2026-09-18T09:06:53.219+00:00,10.057,2440969,21750377,2440962,2440962,S,1,94704,100928,0.00,0.59555,8,do_select
2026-09-18T09:06:53.721+00:00,10.562,2440962,21750360,2440942,2440962,S,1,2048,2904,0.00,0.01288,6,do_wait
2026-09-18T09:06:53.722+00:00,10.562,2440969,21750377,2440962,2440962,S,1,94704,100928,0.00,0.59555,8,do_select
2026-09-18T09:06:54.224+00:00,11.065,2440962,21750360,2440942,2440962,S,1,2048,2904,0.00,0.01288,6,do_wait
2026-09-18T09:06:54.224+00:00,11.065,2440969,21750377,2440962,2440962,S,1,94704,100928,0.00,0.59555,8,do_select
2026-09-18T09:06:54.727+00:00,11.568,2440962,21750360,2440942,2440962,S,1,2048,2904,0.00,0.01288,6,do_wait
2026-09-18T09:06:54.727+00:00,11.568,2440969,21750377,2440962,2440962,S,1,120304,126532,5.97,0.75654,11,do_select
2026-09-18T09:06:55.229+00:00,12.070,2440962,21750360,2440942,2440962,S,1,2048,2904,0.00,0.01288,6,do_wait
2026-09-18T09:06:55.230+00:00,12.070,2440969,21750377,2440962,2440962,S,1,120304,126532,0.00,0.75654,11,do_select
2026-09-18T09:06:55.732+00:00,12.573,2440962,21750360,2440942,2440962,S,1,2048,2904,0.00,0.01288,6,do_wait
2026-09-18T09:06:55.732+00:00,12.573,2440969,21750377,2440962,2440962,S,1,120304,126532,0.00,0.75654,11,do_select
2026-09-18T09:06:56.235+00:00,13.076,2440962,21750360,2440942,2440962,S,1,2048,2904,0.00,0.01288,6,do_wait
2026-09-18T09:06:56.236+00:00,13.076,2440969,21750377,2440962,2440962,S,1,120304,126532,0.00,0.75654,11,do_select
2026-09-18T09:06:56.738+00:00,13.579,2440962,21750360,2440942,2440962,S,1,2048,2904,0.00,0.01288,6,do_wait
2026-09-18T09:06:56.739+00:00,13.579,2440969,21750377,2440962,2440962,S,1,120304,126532,0.00,0.75654,11,do_select
2026-09-18T09:06:57.242+00:00,14.082,2440962,21750360,2440942,2440962,S,1,2048,2904,0.00,0.01288,6,do_wait
2026-09-18T09:06:57.242+00:00,14.082,2440969,21750377,2440962,2440962,S,1,120304,126532,0.00,0.75654,11,do_select
2026-09-18T09:06:57.744+00:00,14.585,2440962,21750360,2440942,2440962,S,1,2048,2904,0.00,0.01288,6,do_wait
2026-09-18T09:06:57.745+00:00,14.585,2440969,21750377,2440962,2440962,S,1,145776,152136,1.99,0.91672,12,do_select
2026-09-18T09:06:58.247+00:00,15.088,2440962,21750360,2440942,2440962,S,1,2048,2904,0.00,0.01288,6,do_wait
2026-09-18T09:06:58.248+00:00,15.088,2440969,21750377,2440962,2440962,S,1,145776,152136,0.00,0.91672,12,do_select
2026-09-18T09:06:58.750+00:00,15.591,2440962,21750360,2440942,2440962,S,1,2048,2904,0.00,0.01288,6,do_wait
2026-09-18T09:06:58.750+00:00,15.591,2440969,21750377,2440962,2440962,S,1,145776,152136,0.00,0.91672,12,do_select
2026-09-18T09:06:59.252+00:00,16.093,2440962,21750360,2440942,2440962,S,1,2048,2904,0.00,0.01288,6,do_wait
2026-09-18T09:06:59.253+00:00,16.093,2440969,21750377,2440962,2440962,S,1,145776,152136,0.00,0.91672,12,do_select
2026-09-18T09:06:59.755+00:00,16.596,2440962,21750360,2440942,2440962,S,1,2048,2904,0.00,0.01288,6,do_wait
2026-09-18T09:06:59.756+00:00,16.596,2440969,21750377,2440962,2440962,S,1,145776,152136,0.00,0.91672,12,do_select
2026-09-18T09:07:00.258+00:00,17.099,2440962,21750360,2440942,2440962,S,1,2048,2904,0.00,0.01288,6,do_wait
2026-09-18T09:07:00.259+00:00,17.099,2440969,21750377,2440962,2440962,S,1,145776,152136,0.00,0.91672,12,do_select
